{
	"dialogue.stage1.answer_bad": {
		"subtitle": "Narrator Talks",
		"sounds": ["custom:dialogue/stage1/answer_bad"]
	},
	"dialogue.stage1.answer_bad2": {
		"subtitle": "Narrator Talks",
		"sounds": ["custom:dialogue/stage1/answer_bad2"]
	},
	"dialogue.stage1.answer_bad3": {
		"subtitle": "Narrator Talks",
		"sounds": ["custom:dialogue/stage1/answer_bad3"]
	},
	"dialogue.stage1.answer_good": {
		"subtitle": "Narrator Talks",
		"sounds": ["custom:dialogue/stage1/answer_good"]
	},
	"dialogue.stage1.intro": {
		"subtitle": "Narrator Talks",
		"sounds": ["custom:dialogue/stage1/intro"]
	},
	"dialogue.stage1.question": {
		"subtitle": "Narrator Talks",
		"sounds": ["custom:dialogue/stage1/question"]
	},
	"dialogue.stage2.cantblame": {
		"subtitle": "Narrator Talks",
		"sounds": ["custom:dialogue/stage2/cantblame"]
	},
	"dialogue.stage2.intro": {
		"subtitle": "Narrator Talks",
		"sounds": ["custom:dialogue/stage2/intro"]
	},
	"dialogue.stage2.notsupposed": {
		"subtitle": "You made a mistake.",
		"sounds": ["custom:dialogue/stage2/notsupposed"]
	},
	"sfx.buzz": {
		"subtitle": "Buzzing",
		"sounds": ["custom:sfx/buzz"]
	},
	"sfx.loud_buzz": {
		"subtitle": "Loud buzzing",
		"sounds": ["custom:sfx/loud_buzz"]
	},
	"sfx.jumpscare": {
		"sounds": ["custom:sfx/jumpscare"]
	}
}
