{
  "variants": {
    "": [
      {
        "model": "minecraft:block/sculk",
        "weight": 100
      },
      {
        "model": "minecraft:block/sculk",
        "weight": 100,
        "y": 90
      },
      {
        "model": "minecraft:block/sculk",
        "weight": 100,
        "y": 180
      },
      {
        "model": "minecraft:block/sculk",
        "weight": 100,
        "y": 270
      },
      {
        "model": "minecraft:block/sculk1",
        "weight": 25
      },
      {
        "model": "minecraft:block/sculk1",
        "weight": 25,
        "y": 90
      },
      {
        "model": "minecraft:block/sculk1",
        "weight": 25,
        "y": 180
      },
      {
        "model": "minecraft:block/sculk1",
        "weight": 25,
        "y": 270
      },
      {
        "model": "minecraft:block/sculk2",
        "weight": 25
      },
      {
        "model": "minecraft:block/sculk2",
        "weight": 25,
        "y": 90
      },
      {
        "model": "minecraft:block/sculk2",
        "weight": 25,
        "y": 180
      },
      {
        "model": "minecraft:block/sculk2",
        "weight": 25,
        "y": 270
      }
    ]
  }
}